{
  "EPWA" : [
    51.786944, 21.070556,
    51.753889, 21.398056,
    51.831944, 21.513333,
    51.983889, 21.631389,
    52.121389, 21.622500,
    52.116667, 21.544722,
    52.283333, 21.437500,
    52.319444, 21.309167,
    52.438889, 21.156944,
    52.488611, 21.263611,
    52.560000, 21.264722,
    52.686389, 21.212222,
    52.660833, 20.855556,
    52.710278, 20.767222,
    52.627222, 20.660556,
    52.557500, 20.261667,
    52.284167, 20.053611
  ],
  "EPPO" : [
    52.157500, 15.501111,
    52.060278, 15.533333,
    52.013611, 15.609444,
    51.617500, 16.000000,
    51.750000, 17.678333,
    51.996667, 18.000000,
    52.942500, 18.000000,
    52.943056, 17.899167,
    52.943333, 17.804167,
    52.943611, 17.654722,
    52.941944, 17.361667,
    52.962778, 17.309167,
    53.112222, 17.265833,
    53.185000, 17.271389,
    53.210278, 17.290000,
    53.188333, 16.576944,
    52.980833, 15.558333
  ]
}